source_file,payload_source,payload_label,req_method_id,req_payload_len,req_payload_hex,rsp_msg_type,rsp_retcode,verdict,response_time_ms
results_llm_plan_20260421_144157.csv,llm,success_exact,10,24,000000000000000000000000000000000000000000000001,0x80,0x00,normal_response,85.57
results_llm_plan_20260421_144157.csv,llm,pad_left_2,10,26,0000000000000000000000000000000000000000000000000001,0x80,0x00,normal_response,50.16
results_llm_plan_20260421_144157.csv,llm,pad_right_2,10,26,0000000000000000000000000000000000000000000000010000,0x80,0x00,normal_response,49.39
results_llm_plan_20260421_144157.csv,llm,pad_left_4,10,28,00000000000000000000000000000000000000000000000000000001,0x80,0x00,normal_response,54.96
results_llm_plan_20260421_144157.csv,llm,pad_right_4,10,28,00000000000000000000000000000000000000000000000100000000,0x80,0x00,normal_response,39.46
results_llm_plan_20260421_144310.csv,llm,pad_left_2,10,30,000000000000000000000000000000000000000000000000000100000000,0x80,0x00,normal_response,38.11
results_llm_plan_20260421_144310.csv,llm,pad_right_2,10,30,000000000000000000000000000000000000000000000001000000000000,0x80,0x00,normal_response,45.01
results_llm_plan_20260421_144310.csv,llm,pad_left_4,10,32,0000000000000000000000000000000000000000000000000000000100000000,0x80,0x00,normal_response,43.95
results_llm_plan_20260421_144310.csv,llm,pad_right_4,10,32,0000000000000000000000000000000000000000000000010000000000000000,0x80,0x00,normal_response,40.08
results_llm_plan_20260421_144310.csv,llm,tail_4,10,4,00000000,0x80,0x00,normal_response,50.88
results_llm_plan_20260421_144310.csv,llm,tail2_pad16,10,16,00000000000000000000000000000000,0x80,0x00,normal_response,56.72
results_llm_plan_20260421_144310.csv,llm,tail2_pad24,10,24,000000000000000000000000000000000000000000000000,0x80,0x00,normal_response,51.08
results_llm_plan_20260421_145341.csv,llm,pad_right_2,10,32,0000000000000000000000000000000000000000000000000001000000000000,0x80,0x00,normal_response,45.11
results_llm_plan_20260421_145341.csv,llm,pad_left_4,10,34,00000000000000000000000000000000000000000000000000000000000100000000,0x80,0x00,normal_response,90.75
results_llm_plan_20260421_145341.csv,llm,pad_right_4,10,34,00000000000000000000000000000000000000000000000000010000000000000000,0x80,0x00,normal_response,43.11
results_llm_plan_20260421_145523.csv,llm,success_exact,12,16,00000000b40000640000000000000000,0x80,0x00,normal_response,87.40
results_llm_plan_20260421_145523.csv,llm,pad_left_2,12,18,000000000000b40000640000000000000000,0x80,0x00,normal_response,53.28
results_llm_plan_20260421_145523.csv,llm,pad_right_2,12,18,00000000b400006400000000000000000000,0x80,0x00,normal_response,40.53
results_llm_plan_20260421_145523.csv,llm,pad_left_4,12,20,0000000000000000b40000640000000000000000,0x80,0x00,normal_response,65.58
results_llm_plan_20260421_145523.csv,llm,pad_right_4,12,20,00000000b4000064000000000000000000000000,0x80,0x00,normal_response,46.72
results_llm_plan_20260421_145523.csv,llm,tail_4,12,4,00000000,0x80,0x00,normal_response,65.59
results_llm_plan_20260421_145523.csv,llm,pad_to_24,12,24,000000000000000000000000b40000640000000000000000,0x80,0x00,normal_response,45.34
results_llm_plan_20260421_145523.csv,llm,pad_to_32,12,32,0000000000000000000000000000000000000000b40000640000000000000000,0x80,0x00,normal_response,33.42
results_llm_plan_20260421_145523.csv,llm,tail2_pad16,12,16,00000000000000000000000000000000,0x80,0x00,normal_response,45.56
results_llm_plan_20260421_145523.csv,llm,tail2_pad24,12,24,000000000000000000000000000000000000000000000000,0x80,0x00,normal_response,49.30
results_llm_plan_20260421_151203.csv,llm,pad16_tail_0001,10,16,00000000000000000000000000000001,0x80,0x00,normal_response,48.94
results_llm_plan_20260421_151306.csv,llm,pad16_tail_0001,12,16,00000000000000000000000000000001,0x80,0x00,normal_response,37.47
results_radamsa_20260421_145354.csv,radamsa,seed_00,10,16,00000000b40000640000000000000000,0x80,0x00,normal_response,39.44
results_radamsa_20260421_155539.csv,radamsa,seed_0000,10,32,0000000000000000000000000000000000000000000000000000000000000000,0x80,0x00,normal_response,38.24
