source_file,frame.number,frame.time_relative,ip.src,ip.dst,udp.srcport,udp.dstport,someip.serviceid,someip.methodid,someip.clientid,someip.sessionid,someip.messagetype,someip.returncode,data
data/playground_someip_only.pcapng,"1","0.000000000","192.168.40.135","192.168.40.134","58422","31000","0x0000ff40","0x00000001","0x00001343","0x00000001","0x00000000","0x00000000",
data/playground_someip_only.pcapng,"2","0.005958000","192.168.40.134","192.168.40.135","31000","58422","0x0000ff40","0x00000001","0x00001343","0x00000001","0x00000080","0x00000000",
data/playground_someip_only.pcapng,"3","0.011948000","192.168.40.135","192.168.40.134","58422","31000","0x0000ff40","0x00000002","0x00001343","0x00000002","0x00000000","0x00000000",
data/playground_someip_only.pcapng,"4","0.018081000","192.168.40.134","192.168.40.135","31000","58422","0x0000ff40","0x00000002","0x00001343","0x00000002","0x00000080","0x00000000",
data/playground_someip_only.pcapng,"5","0.023780000","192.168.40.135","192.168.40.134","58422","31000","0x0000ff40","0x00000003","0x00001343","0x00000003","0x00000000","0x00000000",
data/playground_someip_only.pcapng,"6","0.029995000","192.168.40.134","192.168.40.135","31000","58422","0x0000ff40","0x00000003","0x00001343","0x00000003","0x00000080","0x00000000",
data/playground_someip_only.pcapng,"7","0.035608000","192.168.40.135","192.168.40.134","58422","31000","0x0000ff40","0x00000004","0x00001343","0x00000004","0x00000000","0x00000000",
data/playground_someip_only.pcapng,"8","0.041841000","192.168.40.134","192.168.40.135","31000","58422","0x0000ff40","0x00000004","0x00001343","0x00000004","0x00000080","0x00000000",
data/playground_someip_only.pcapng,"9","0.047539000","192.168.40.135","192.168.40.134","58422","31000","0x0000ff40","0x00000005","0x00001343","0x00000005","0x00000000","0x00000000",
data/playground_someip_only.pcapng,"10","0.053618000","192.168.40.134","192.168.40.135","31000","58422","0x0000ff40","0x00000005","0x00001343","0x00000005","0x00000080","0x00000000",
data/playground_someip_only.pcapng,"11","0.059050000","192.168.40.135","192.168.40.134","58422","31000","0x0000ff40","0x00000006","0x00001343","0x00000006","0x00000000","0x00000000",
data/playground_someip_only.pcapng,"12","0.065334000","192.168.40.134","192.168.40.135","31000","58422","0x0000ff40","0x00000006","0x00001343","0x00000006","0x00000080","0x00000000",
data/playground_someip_only.pcapng,"13","0.070773000","192.168.40.135","192.168.40.134","58422","31000","0x0000ff40","0x00000007","0x00001343","0x00000007","0x00000000","0x00000000",
data/playground_someip_only.pcapng,"14","0.076480000","192.168.40.134","192.168.40.135","31000","58422","0x0000ff40","0x00000007","0x00001343","0x00000007","0x00000080","0x00000000",
data/playground_someip_only.pcapng,"15","0.081828000","192.168.40.135","192.168.40.134","58422","31000","0x0000ff40","0x00000008","0x00001343","0x00000008","0x00000000","0x00000000",
data/playground_someip_only.pcapng,"16","0.087547000","192.168.40.134","192.168.40.135","31000","58422","0x0000ff40","0x00000008","0x00001343","0x00000008","0x00000080","0x00000000",
data/playground_someip_only.pcapng,"17","0.092919000","192.168.40.135","192.168.40.134","58422","31000","0x0000ff40","0x00000009","0x00001343","0x00000009","0x00000000","0x00000000",
data/playground_someip_only.pcapng,"18","0.098545000","192.168.40.134","192.168.40.135","31000","58422","0x0000ff40","0x00000009","0x00001343","0x00000009","0x00000080","0x00000000",
data/playground_someip_only.pcapng,"19","0.103937000","192.168.40.135","192.168.40.134","58422","31000","0x0000ff40","0x0000000b","0x00001343","0x0000000a","0x00000000","0x00000000",
data/playground_someip_only.pcapng,"20","0.109557000","192.168.40.134","192.168.40.135","31000","58422","0x0000ff40","0x0000000b","0x00001343","0x0000000a","0x00000080","0x00000000",
data/playground_someip_only.pcapng,"21","0.599426000","192.168.40.134","192.168.40.135","31000","58422","0x0000ff40","0x0000800a","0x00000000","0x0000026c","0x00000002","0x00000000",
data/playground_someip_only.pcapng,"22","2.000322000","192.168.40.135","192.168.40.134","39512","31000","0x0000ff40","0x00000001","0x00001343","0x00000001","0x00000000","0x00000000",
data/playground_someip_only.pcapng,"23","2.006002000","192.168.40.134","192.168.40.135","31000","39512","0x0000ff40","0x00000001","0x00001343","0x00000001","0x00000080","0x00000000",
data/playground_someip_only.pcapng,"24","2.012305000","192.168.40.135","192.168.40.134","39512","31000","0x0000ff40","0x00000002","0x00001343","0x00000002","0x00000000","0x00000000",
data/playground_someip_only.pcapng,"25","2.018075000","192.168.40.134","192.168.40.135","31000","39512","0x0000ff40","0x00000002","0x00001343","0x00000002","0x00000080","0x00000000",
data/playground_someip_only.pcapng,"26","2.023470000","192.168.40.135","192.168.40.134","39512","31000","0x0000ff40","0x00000003","0x00001343","0x00000003","0x00000000","0x00000000",
data/playground_someip_only.pcapng,"27","2.029234000","192.168.40.134","192.168.40.135","31000","39512","0x0000ff40","0x00000003","0x00001343","0x00000003","0x00000080","0x00000000",
data/playground_someip_only.pcapng,"28","2.035069000","192.168.40.135","192.168.40.134","39512","31000","0x0000ff40","0x00000004","0x00001343","0x00000004","0x00000000","0x00000000",
data/playground_someip_only.pcapng,"29","2.040827000","192.168.40.134","192.168.40.135","31000","39512","0x0000ff40","0x00000004","0x00001343","0x00000004","0x00000080","0x00000000",
data/playground_someip_only.pcapng,"30","2.046254000","192.168.40.135","192.168.40.134","39512","31000","0x0000ff40","0x00000005","0x00001343","0x00000005","0x00000000","0x00000000",
data/playground_someip_only.pcapng,"31","2.052063000","192.168.40.134","192.168.40.135","31000","39512","0x0000ff40","0x00000005","0x00001343","0x00000005","0x00000080","0x00000000",
data/playground_someip_only.pcapng,"32","2.057344000","192.168.40.135","192.168.40.134","39512","31000","0x0000ff40","0x00000006","0x00001343","0x00000006","0x00000000","0x00000000",
data/playground_someip_only.pcapng,"33","2.063403000","192.168.40.134","192.168.40.135","31000","39512","0x0000ff40","0x00000006","0x00001343","0x00000006","0x00000080","0x00000000",
data/playground_someip_only.pcapng,"34","2.068830000","192.168.40.135","192.168.40.134","39512","31000","0x0000ff40","0x00000007","0x00001343","0x00000007","0x00000000","0x00000000",
data/playground_someip_only.pcapng,"35","2.074599000","192.168.40.134","192.168.40.135","31000","39512","0x0000ff40","0x00000007","0x00001343","0x00000007","0x00000080","0x00000000",
data/playground_someip_only.pcapng,"36","2.080066000","192.168.40.135","192.168.40.134","39512","31000","0x0000ff40","0x00000008","0x00001343","0x00000008","0x00000000","0x00000000",
data/playground_someip_only.pcapng,"37","2.085841000","192.168.40.134","192.168.40.135","31000","39512","0x0000ff40","0x00000008","0x00001343","0x00000008","0x00000080","0x00000000",
data/playground_someip_only.pcapng,"38","2.091320000","192.168.40.135","192.168.40.134","39512","31000","0x0000ff40","0x00000009","0x00001343","0x00000009","0x00000000","0x00000000",
data/playground_someip_only.pcapng,"39","2.097039000","192.168.40.134","192.168.40.135","31000","39512","0x0000ff40","0x00000009","0x00001343","0x00000009","0x00000080","0x00000000",
data/playground_someip_only.pcapng,"40","2.102545000","192.168.40.135","192.168.40.134","39512","31000","0x0000ff40","0x0000000b","0x00001343","0x0000000a","0x00000000","0x00000000",
data/playground_someip_only.pcapng,"41","2.108190000","192.168.40.134","192.168.40.135","31000","39512","0x0000ff40","0x0000000b","0x00001343","0x0000000a","0x00000080","0x00000000",
data/playground_someip_only.pcapng,"42","2.600853000","192.168.40.134","192.168.40.135","31000","39512","0x0000ff40","0x0000800a","0x00000000","0x00000270","0x00000002","0x00000000",
data/playground_someip_only.pcapng,"43","4.000776000","192.168.40.135","192.168.40.134","39464","31000","0x0000ff40","0x00000001","0x00001343","0x00000001","0x00000000","0x00000000",
data/playground_someip_only.pcapng,"44","4.006654000","192.168.40.134","192.168.40.135","31000","39464","0x0000ff40","0x00000001","0x00001343","0x00000001","0x00000080","0x00000000",
data/playground_someip_only.pcapng,"45","4.013898000","192.168.40.135","192.168.40.134","39464","31000","0x0000ff40","0x00000002","0x00001343","0x00000002","0x00000000","0x00000000",
data/playground_someip_only.pcapng,"46","4.019791000","192.168.40.134","192.168.40.135","31000","39464","0x0000ff40","0x00000002","0x00001343","0x00000002","0x00000080","0x00000000",
data/playground_someip_only.pcapng,"47","4.025554000","192.168.40.135","192.168.40.134","39464","31000","0x0000ff40","0x00000003","0x00001343","0x00000003","0x00000000","0x00000000",
data/playground_someip_only.pcapng,"48","4.031594000","192.168.40.134","192.168.40.135","31000","39464","0x0000ff40","0x00000003","0x00001343","0x00000003","0x00000080","0x00000000",
data/playground_someip_only.pcapng,"49","4.037153000","192.168.40.135","192.168.40.134","39464","31000","0x0000ff40","0x00000004","0x00001343","0x00000004","0x00000000","0x00000000",
data/playground_someip_only.pcapng,"50","4.043170000","192.168.40.134","192.168.40.135","31000","39464","0x0000ff40","0x00000004","0x00001343","0x00000004","0x00000080","0x00000000",
data/playground_someip_only.pcapng,"51","4.050345000","192.168.40.135","192.168.40.134","39464","31000","0x0000ff40","0x00000005","0x00001343","0x00000005","0x00000000","0x00000000",
data/playground_someip_only.pcapng,"52","4.055854000","192.168.40.134","192.168.40.135","31000","39464","0x0000ff40","0x00000005","0x00001343","0x00000005","0x00000080","0x00000000",
data/playground_someip_only.pcapng,"53","4.061161000","192.168.40.135","192.168.40.134","39464","31000","0x0000ff40","0x00000006","0x00001343","0x00000006","0x00000000","0x00000000",
data/playground_someip_only.pcapng,"54","4.066699000","192.168.40.134","192.168.40.135","31000","39464","0x0000ff40","0x00000006","0x00001343","0x00000006","0x00000080","0x00000000",
data/playground_someip_only.pcapng,"55","4.071965000","192.168.40.135","192.168.40.134","39464","31000","0x0000ff40","0x00000007","0x00001343","0x00000007","0x00000000","0x00000000",
data/playground_someip_only.pcapng,"56","4.077487000","192.168.40.134","192.168.40.135","31000","39464","0x0000ff40","0x00000007","0x00001343","0x00000007","0x00000080","0x00000000",
data/playground_someip_only.pcapng,"57","4.082814000","192.168.40.135","192.168.40.134","39464","31000","0x0000ff40","0x00000008","0x00001343","0x00000008","0x00000000","0x00000000",
data/playground_someip_only.pcapng,"58","4.088376000","192.168.40.134","192.168.40.135","31000","39464","0x0000ff40","0x00000008","0x00001343","0x00000008","0x00000080","0x00000000",
data/playground_someip_only.pcapng,"59","4.093934000","192.168.40.135","192.168.40.134","39464","31000","0x0000ff40","0x00000009","0x00001343","0x00000009","0x00000000","0x00000000",
data/playground_someip_only.pcapng,"60","4.099463000","192.168.40.134","192.168.40.135","31000","39464","0x0000ff40","0x00000009","0x00001343","0x00000009","0x00000080","0x00000000",
data/playground_someip_only.pcapng,"61","4.105151000","192.168.40.135","192.168.40.134","39464","31000","0x0000ff40","0x0000000b","0x00001343","0x0000000a","0x00000000","0x00000000",
data/playground_someip_only.pcapng,"62","4.110657000","192.168.40.134","192.168.40.135","31000","39464","0x0000ff40","0x0000000b","0x00001343","0x0000000a","0x00000080","0x00000000",
data/playground_someip_only.pcapng,"63","4.648387000","192.168.40.134","192.168.40.135","31000","39464","0x0000ff40","0x0000800a","0x00000000","0x00000274","0x00000002","0x00000000",
data/playground_someip_only.pcapng,"64","5.886117000","192.168.40.135","192.168.40.134","57024","31000","0x0000ff40","0x00000001","0x00001343","0x00000001","0x00000000","0x00000000",
data/playground_someip_only.pcapng,"65","5.892130000","192.168.40.134","192.168.40.135","31000","57024","0x0000ff40","0x00000001","0x00001343","0x00000001","0x00000080","0x00000000",
data/playground_someip_only.pcapng,"66","5.897678000","192.168.40.135","192.168.40.134","57024","31000","0x0000ff40","0x00000002","0x00001343","0x00000002","0x00000000","0x00000000",
data/playground_someip_only.pcapng,"67","5.903439000","192.168.40.134","192.168.40.135","31000","57024","0x0000ff40","0x00000002","0x00001343","0x00000002","0x00000080","0x00000000",
data/playground_someip_only.pcapng,"68","5.908835000","192.168.40.135","192.168.40.134","57024","31000","0x0000ff40","0x00000003","0x00001343","0x00000003","0x00000000","0x00000000",
data/playground_someip_only.pcapng,"69","5.914705000","192.168.40.134","192.168.40.135","31000","57024","0x0000ff40","0x00000003","0x00001343","0x00000003","0x00000080","0x00000000",
data/playground_someip_only.pcapng,"70","5.920037000","192.168.40.135","192.168.40.134","57024","31000","0x0000ff40","0x00000004","0x00001343","0x00000004","0x00000000","0x00000000",
data/playground_someip_only.pcapng,"71","5.925973000","192.168.40.134","192.168.40.135","31000","57024","0x0000ff40","0x00000004","0x00001343","0x00000004","0x00000080","0x00000000",
data/playground_someip_only.pcapng,"72","5.931459000","192.168.40.135","192.168.40.134","57024","31000","0x0000ff40","0x00000005","0x00001343","0x00000005","0x00000000","0x00000000",
data/playground_someip_only.pcapng,"73","5.937269000","192.168.40.134","192.168.40.135","31000","57024","0x0000ff40","0x00000005","0x00001343","0x00000005","0x00000080","0x00000000",
data/playground_someip_only.pcapng,"74","5.942999000","192.168.40.135","192.168.40.134","57024","31000","0x0000ff40","0x00000006","0x00001343","0x00000006","0x00000000","0x00000000",
data/playground_someip_only.pcapng,"75","5.948862000","192.168.40.134","192.168.40.135","31000","57024","0x0000ff40","0x00000006","0x00001343","0x00000006","0x00000080","0x00000000",
data/playground_someip_only.pcapng,"76","5.954288000","192.168.40.135","192.168.40.134","57024","31000","0x0000ff40","0x00000007","0x00001343","0x00000007","0x00000000","0x00000000",
data/playground_someip_only.pcapng,"77","5.960074000","192.168.40.134","192.168.40.135","31000","57024","0x0000ff40","0x00000007","0x00001343","0x00000007","0x00000080","0x00000000",
data/playground_someip_only.pcapng,"78","5.965792000","192.168.40.135","192.168.40.134","57024","31000","0x0000ff40","0x00000008","0x00001343","0x00000008","0x00000000","0x00000000",
data/playground_someip_only.pcapng,"79","5.971633000","192.168.40.134","192.168.40.135","31000","57024","0x0000ff40","0x00000008","0x00001343","0x00000008","0x00000080","0x00000000",
data/playground_someip_only.pcapng,"80","5.977794000","192.168.40.135","192.168.40.134","57024","31000","0x0000ff40","0x00000009","0x00001343","0x00000009","0x00000000","0x00000000",
data/playground_someip_only.pcapng,"81","5.983642000","192.168.40.134","192.168.40.135","31000","57024","0x0000ff40","0x00000009","0x00001343","0x00000009","0x00000080","0x00000000",
data/playground_someip_only.pcapng,"82","5.989764000","192.168.40.135","192.168.40.134","57024","31000","0x0000ff40","0x0000000b","0x00001343","0x0000000a","0x00000000","0x00000000",
data/playground_someip_only.pcapng,"83","5.995475000","192.168.40.134","192.168.40.135","31000","57024","0x0000ff40","0x0000000b","0x00001343","0x0000000a","0x00000080","0x00000000",
data/playground_someip_only.pcapng,"84","6.101540000","192.168.40.134","192.168.40.135","31000","57024","0x0000ff40","0x0000800a","0x00000000","0x00000277","0x00000002","0x00000000",
data/playground_someip_only.pcapng,"85","8.001011000","192.168.40.135","192.168.40.134","59483","31000","0x0000ff40","0x00000001","0x00001343","0x00000001","0x00000000","0x00000000",
data/playground_someip_only.pcapng,"86","8.006980000","192.168.40.134","192.168.40.135","31000","59483","0x0000ff40","0x00000001","0x00001343","0x00000001","0x00000080","0x00000000",
data/playground_someip_only.pcapng,"87","8.012818000","192.168.40.135","192.168.40.134","59483","31000","0x0000ff40","0x00000002","0x00001343","0x00000002","0x00000000","0x00000000",
data/playground_someip_only.pcapng,"88","8.018730000","192.168.40.134","192.168.40.135","31000","59483","0x0000ff40","0x00000002","0x00001343","0x00000002","0x00000080","0x00000000",
data/playground_someip_only.pcapng,"89","8.024211000","192.168.40.135","192.168.40.134","59483","31000","0x0000ff40","0x00000003","0x00001343","0x00000003","0x00000000","0x00000000",
data/playground_someip_only.pcapng,"90","8.030017000","192.168.40.134","192.168.40.135","31000","59483","0x0000ff40","0x00000003","0x00001343","0x00000003","0x00000080","0x00000000",
data/playground_someip_only.pcapng,"91","8.035302000","192.168.40.135","192.168.40.134","59483","31000","0x0000ff40","0x00000004","0x00001343","0x00000004","0x00000000","0x00000000",
data/playground_someip_only.pcapng,"92","8.040830000","192.168.40.134","192.168.40.135","31000","59483","0x0000ff40","0x00000004","0x00001343","0x00000004","0x00000080","0x00000000",
data/playground_someip_only.pcapng,"93","8.046115000","192.168.40.135","192.168.40.134","59483","31000","0x0000ff40","0x00000005","0x00001343","0x00000005","0x00000000","0x00000000",
data/playground_someip_only.pcapng,"94","8.051620000","192.168.40.134","192.168.40.135","31000","59483","0x0000ff40","0x00000005","0x00001343","0x00000005","0x00000080","0x00000000",
data/playground_someip_only.pcapng,"95","8.056879000","192.168.40.135","192.168.40.134","59483","31000","0x0000ff40","0x00000006","0x00001343","0x00000006","0x00000000","0x00000000",
data/playground_someip_only.pcapng,"96","8.062468000","192.168.40.134","192.168.40.135","31000","59483","0x0000ff40","0x00000006","0x00001343","0x00000006","0x00000080","0x00000000",
data/playground_someip_only.pcapng,"97","8.067740000","192.168.40.135","192.168.40.134","59483","31000","0x0000ff40","0x00000007","0x00001343","0x00000007","0x00000000","0x00000000",
data/playground_someip_only.pcapng,"98","8.073209000","192.168.40.134","192.168.40.135","31000","59483","0x0000ff40","0x00000007","0x00001343","0x00000007","0x00000080","0x00000000",
data/playground_someip_only.pcapng,"99","8.078450000","192.168.40.135","192.168.40.134","59483","31000","0x0000ff40","0x00000008","0x00001343","0x00000008","0x00000000","0x00000000",
data/playground_someip_only.pcapng,"100","8.083912000","192.168.40.134","192.168.40.135","31000","59483","0x0000ff40","0x00000008","0x00001343","0x00000008","0x00000080","0x00000000",
data/playground_someip_only.pcapng,"101","8.089237000","192.168.40.135","192.168.40.134","59483","31000","0x0000ff40","0x00000009","0x00001343","0x00000009","0x00000000","0x00000000",
data/playground_someip_only.pcapng,"102","8.094723000","192.168.40.134","192.168.40.135","31000","59483","0x0000ff40","0x00000009","0x00001343","0x00000009","0x00000080","0x00000000",
data/playground_someip_only.pcapng,"103","8.100044000","192.168.40.135","192.168.40.134","59483","31000","0x0000ff40","0x0000000b","0x00001343","0x0000000a","0x00000000","0x00000000",
data/playground_someip_only.pcapng,"104","8.105486000","192.168.40.134","192.168.40.135","31000","59483","0x0000ff40","0x0000000b","0x00001343","0x0000000a","0x00000080","0x00000000",
data/playground_someip_only.pcapng,"105","8.663979000","192.168.40.134","192.168.40.135","31000","59483","0x0000ff40","0x0000800a","0x00000000","0x0000027c","0x00000002","0x00000000",
data/playground_someip_only.pcapng,"106","10.000988000","192.168.40.135","192.168.40.134","52600","31000","0x0000ff40","0x00000001","0x00001343","0x00000001","0x00000000","0x00000000",
data/playground_someip_only.pcapng,"107","10.006509000","192.168.40.134","192.168.40.135","31000","52600","0x0000ff40","0x00000001","0x00001343","0x00000001","0x00000080","0x00000000",
data/playground_someip_only.pcapng,"108","10.011930000","192.168.40.135","192.168.40.134","52600","31000","0x0000ff40","0x00000002","0x00001343","0x00000002","0x00000000","0x00000000",
data/playground_someip_only.pcapng,"109","10.017507000","192.168.40.134","192.168.40.135","31000","52600","0x0000ff40","0x00000002","0x00001343","0x00000002","0x00000080","0x00000000",
data/playground_someip_only.pcapng,"110","10.022845000","192.168.40.135","192.168.40.134","52600","31000","0x0000ff40","0x00000003","0x00001343","0x00000003","0x00000000","0x00000000",
data/playground_someip_only.pcapng,"111","10.028429000","192.168.40.134","192.168.40.135","31000","52600","0x0000ff40","0x00000003","0x00001343","0x00000003","0x00000080","0x00000000",
data/playground_someip_only.pcapng,"112","10.033739000","192.168.40.135","192.168.40.134","52600","31000","0x0000ff40","0x00000004","0x00001343","0x00000004","0x00000000","0x00000000",
data/playground_someip_only.pcapng,"113","10.039338000","192.168.40.134","192.168.40.135","31000","52600","0x0000ff40","0x00000004","0x00001343","0x00000004","0x00000080","0x00000000",
data/playground_someip_only.pcapng,"114","10.044709000","192.168.40.135","192.168.40.134","52600","31000","0x0000ff40","0x00000005","0x00001343","0x00000005","0x00000000","0x00000000",
data/playground_someip_only.pcapng,"115","10.050339000","192.168.40.134","192.168.40.135","31000","52600","0x0000ff40","0x00000005","0x00001343","0x00000005","0x00000080","0x00000000",
data/playground_someip_only.pcapng,"116","10.055625000","192.168.40.135","192.168.40.134","52600","31000","0x0000ff40","0x00000006","0x00001343","0x00000006","0x00000000","0x00000000",
data/playground_someip_only.pcapng,"117","10.061304000","192.168.40.134","192.168.40.135","31000","52600","0x0000ff40","0x00000006","0x00001343","0x00000006","0x00000080","0x00000000",
data/playground_someip_only.pcapng,"118","10.066709000","192.168.40.135","192.168.40.134","52600","31000","0x0000ff40","0x00000007","0x00001343","0x00000007","0x00000000","0x00000000",
data/playground_someip_only.pcapng,"119","10.072330000","192.168.40.134","192.168.40.135","31000","52600","0x0000ff40","0x00000007","0x00001343","0x00000007","0x00000080","0x00000000",
data/playground_someip_only.pcapng,"120","10.077694000","192.168.40.135","192.168.40.134","52600","31000","0x0000ff40","0x00000008","0x00001343","0x00000008","0x00000000","0x00000000",
data/playground_someip_only.pcapng,"121","10.083359000","192.168.40.134","192.168.40.135","31000","52600","0x0000ff40","0x00000008","0x00001343","0x00000008","0x00000080","0x00000000",
data/playground_someip_only.pcapng,"122","10.089207000","192.168.40.135","192.168.40.134","52600","31000","0x0000ff40","0x00000009","0x00001343","0x00000009","0x00000000","0x00000000",
data/playground_someip_only.pcapng,"123","10.094913000","192.168.40.134","192.168.40.135","31000","52600","0x0000ff40","0x00000009","0x00001343","0x00000009","0x00000080","0x00000000",
data/playground_someip_only.pcapng,"124","10.100823000","192.168.40.135","192.168.40.134","52600","31000","0x0000ff40","0x0000000b","0x00001343","0x0000000a","0x00000000","0x00000000",
data/playground_someip_only.pcapng,"125","10.106494000","192.168.40.134","192.168.40.135","31000","52600","0x0000ff40","0x0000000b","0x00001343","0x0000000a","0x00000080","0x00000000",
data/playground_someip_only.pcapng,"126","10.604244000","192.168.40.134","192.168.40.135","31000","52600","0x0000ff40","0x0000800a","0x00000000","0x00000280","0x00000002","0x00000000",
data/playground_someip_only.pcapng,"127","12.001704000","192.168.40.135","192.168.40.134","45827","31000","0x0000ff40","0x00000001","0x00001343","0x00000001","0x00000000","0x00000000",
data/playground_someip_only.pcapng,"128","12.007474000","192.168.40.134","192.168.40.135","31000","45827","0x0000ff40","0x00000001","0x00001343","0x00000001","0x00000080","0x00000000",
data/playground_someip_only.pcapng,"129","12.012825000","192.168.40.135","192.168.40.134","45827","31000","0x0000ff40","0x00000002","0x00001343","0x00000002","0x00000000","0x00000000",
data/playground_someip_only.pcapng,"130","12.018660000","192.168.40.134","192.168.40.135","31000","45827","0x0000ff40","0x00000002","0x00001343","0x00000002","0x00000080","0x00000000",
data/playground_someip_only.pcapng,"131","12.023997000","192.168.40.135","192.168.40.134","45827","31000","0x0000ff40","0x00000003","0x00001343","0x00000003","0x00000000","0x00000000",
data/playground_someip_only.pcapng,"132","12.029922000","192.168.40.134","192.168.40.135","31000","45827","0x0000ff40","0x00000003","0x00001343","0x00000003","0x00000080","0x00000000",
data/playground_someip_only.pcapng,"133","12.035272000","192.168.40.135","192.168.40.134","45827","31000","0x0000ff40","0x00000004","0x00001343","0x00000004","0x00000000","0x00000000",
data/playground_someip_only.pcapng,"134","12.041137000","192.168.40.134","192.168.40.135","31000","45827","0x0000ff40","0x00000004","0x00001343","0x00000004","0x00000080","0x00000000",
data/playground_someip_only.pcapng,"135","12.046613000","192.168.40.135","192.168.40.134","45827","31000","0x0000ff40","0x00000005","0x00001343","0x00000005","0x00000000","0x00000000",
data/playground_someip_only.pcapng,"136","12.052385000","192.168.40.134","192.168.40.135","31000","45827","0x0000ff40","0x00000005","0x00001343","0x00000005","0x00000080","0x00000000",
data/playground_someip_only.pcapng,"137","12.057799000","192.168.40.135","192.168.40.134","45827","31000","0x0000ff40","0x00000006","0x00001343","0x00000006","0x00000000","0x00000000",
data/playground_someip_only.pcapng,"138","12.063628000","192.168.40.134","192.168.40.135","31000","45827","0x0000ff40","0x00000006","0x00001343","0x00000006","0x00000080","0x00000000",
data/playground_someip_only.pcapng,"139","12.069230000","192.168.40.135","192.168.40.134","45827","31000","0x0000ff40","0x00000007","0x00001343","0x00000007","0x00000000","0x00000000",
data/playground_someip_only.pcapng,"140","12.075057000","192.168.40.134","192.168.40.135","31000","45827","0x0000ff40","0x00000007","0x00001343","0x00000007","0x00000080","0x00000000",
data/playground_someip_only.pcapng,"141","12.080408000","192.168.40.135","192.168.40.134","45827","31000","0x0000ff40","0x00000008","0x00001343","0x00000008","0x00000000","0x00000000",
data/playground_someip_only.pcapng,"142","12.086149000","192.168.40.134","192.168.40.135","31000","45827","0x0000ff40","0x00000008","0x00001343","0x00000008","0x00000080","0x00000000",
data/playground_someip_only.pcapng,"143","12.091512000","192.168.40.135","192.168.40.134","45827","31000","0x0000ff40","0x00000009","0x00001343","0x00000009","0x00000000","0x00000000",
data/playground_someip_only.pcapng,"144","12.097442000","192.168.40.134","192.168.40.135","31000","45827","0x0000ff40","0x00000009","0x00001343","0x00000009","0x00000080","0x00000000",
data/playground_someip_only.pcapng,"145","12.102836000","192.168.40.135","192.168.40.134","45827","31000","0x0000ff40","0x0000000b","0x00001343","0x0000000a","0x00000000","0x00000000",
data/playground_someip_only.pcapng,"146","12.108450000","192.168.40.134","192.168.40.135","31000","45827","0x0000ff40","0x0000000b","0x00001343","0x0000000a","0x00000080","0x00000000",
data/playground_someip_only.pcapng,"147","12.605209000","192.168.40.134","192.168.40.135","31000","45827","0x0000ff40","0x0000800a","0x00000000","0x00000284","0x00000002","0x00000000",
data/playground_someip_only.pcapng,"148","14.002566000","192.168.40.135","192.168.40.134","46897","31000","0x0000ff40","0x00000001","0x00001343","0x00000001","0x00000000","0x00000000",
data/playground_someip_only.pcapng,"149","14.008394000","192.168.40.134","192.168.40.135","31000","46897","0x0000ff40","0x00000001","0x00001343","0x00000001","0x00000080","0x00000000",
data/playground_someip_only.pcapng,"150","14.014357000","192.168.40.135","192.168.40.134","46897","31000","0x0000ff40","0x00000002","0x00001343","0x00000002","0x00000000","0x00000000",
data/playground_someip_only.pcapng,"151","14.020192000","192.168.40.134","192.168.40.135","31000","46897","0x0000ff40","0x00000002","0x00001343","0x00000002","0x00000080","0x00000000",
data/playground_someip_only.pcapng,"152","14.025623000","192.168.40.135","192.168.40.134","46897","31000","0x0000ff40","0x00000003","0x00001343","0x00000003","0x00000000","0x00000000",
data/playground_someip_only.pcapng,"153","14.031696000","192.168.40.134","192.168.40.135","31000","46897","0x0000ff40","0x00000003","0x00001343","0x00000003","0x00000080","0x00000000",
data/playground_someip_only.pcapng,"154","14.037019000","192.168.40.135","192.168.40.134","46897","31000","0x0000ff40","0x00000004","0x00001343","0x00000004","0x00000000","0x00000000",
data/playground_someip_only.pcapng,"155","14.042941000","192.168.40.134","192.168.40.135","31000","46897","0x0000ff40","0x00000004","0x00001343","0x00000004","0x00000080","0x00000000",
data/playground_someip_only.pcapng,"156","14.048690000","192.168.40.135","192.168.40.134","46897","31000","0x0000ff40","0x00000005","0x00001343","0x00000005","0x00000000","0x00000000",
data/playground_someip_only.pcapng,"157","14.054543000","192.168.40.134","192.168.40.135","31000","46897","0x0000ff40","0x00000005","0x00001343","0x00000005","0x00000080","0x00000000",
data/playground_someip_only.pcapng,"158","14.060461000","192.168.40.135","192.168.40.134","46897","31000","0x0000ff40","0x00000006","0x00001343","0x00000006","0x00000000","0x00000000",
data/playground_someip_only.pcapng,"159","14.066368000","192.168.40.134","192.168.40.135","31000","46897","0x0000ff40","0x00000006","0x00001343","0x00000006","0x00000080","0x00000000",
data/playground_someip_only.pcapng,"160","14.071954000","192.168.40.135","192.168.40.134","46897","31000","0x0000ff40","0x00000007","0x00001343","0x00000007","0x00000000","0x00000000",
data/playground_someip_only.pcapng,"161","14.077821000","192.168.40.134","192.168.40.135","31000","46897","0x0000ff40","0x00000007","0x00001343","0x00000007","0x00000080","0x00000000",
data/playground_someip_only.pcapng,"162","14.083217000","192.168.40.135","192.168.40.134","46897","31000","0x0000ff40","0x00000008","0x00001343","0x00000008","0x00000000","0x00000000",
data/playground_someip_only.pcapng,"163","14.088929000","192.168.40.134","192.168.40.135","31000","46897","0x0000ff40","0x00000008","0x00001343","0x00000008","0x00000080","0x00000000",
data/playground_someip_only.pcapng,"164","14.094378000","192.168.40.135","192.168.40.134","46897","31000","0x0000ff40","0x00000009","0x00001343","0x00000009","0x00000000","0x00000000",
data/playground_someip_only.pcapng,"165","14.100155000","192.168.40.134","192.168.40.135","31000","46897","0x0000ff40","0x00000009","0x00001343","0x00000009","0x00000080","0x00000000",
data/playground_someip_only.pcapng,"166","14.105624000","192.168.40.135","192.168.40.134","46897","31000","0x0000ff40","0x0000000b","0x00001343","0x0000000a","0x00000000","0x00000000",
data/playground_someip_only.pcapng,"167","14.111302000","192.168.40.134","192.168.40.135","31000","46897","0x0000ff40","0x0000000b","0x00001343","0x0000000a","0x00000080","0x00000000",
data/playground_someip_only.pcapng,"168","14.607127000","192.168.40.134","192.168.40.135","31000","46897","0x0000ff40","0x0000800a","0x00000000","0x00000288","0x00000002","0x00000000",
data/playground_someip_only.pcapng,"169","15.962165000","192.168.40.135","192.168.40.134","46129","31000","0x0000ff40","0x00000001","0x00001343","0x00000001","0x00000000","0x00000000",
data/playground_someip_only.pcapng,"170","15.967951000","192.168.40.134","192.168.40.135","31000","46129","0x0000ff40","0x00000001","0x00001343","0x00000001","0x00000080","0x00000000",
data/playground_someip_only.pcapng,"171","15.973309000","192.168.40.135","192.168.40.134","46129","31000","0x0000ff40","0x00000002","0x00001343","0x00000002","0x00000000","0x00000000",
data/playground_someip_only.pcapng,"172","15.979186000","192.168.40.134","192.168.40.135","31000","46129","0x0000ff40","0x00000002","0x00001343","0x00000002","0x00000080","0x00000000",
data/playground_someip_only.pcapng,"173","15.984654000","192.168.40.135","192.168.40.134","46129","31000","0x0000ff40","0x00000003","0x00001343","0x00000003","0x00000000","0x00000000",
data/playground_someip_only.pcapng,"174","15.990507000","192.168.40.134","192.168.40.135","31000","46129","0x0000ff40","0x00000003","0x00001343","0x00000003","0x00000080","0x00000000",
data/playground_someip_only.pcapng,"175","15.995832000","192.168.40.135","192.168.40.134","46129","31000","0x0000ff40","0x00000004","0x00001343","0x00000004","0x00000000","0x00000000",
data/playground_someip_only.pcapng,"176","16.001387000","192.168.40.134","192.168.40.135","31000","46129","0x0000ff40","0x00000004","0x00001343","0x00000004","0x00000080","0x00000000",
data/playground_someip_only.pcapng,"177","16.006569000","192.168.40.135","192.168.40.134","46129","31000","0x0000ff40","0x00000005","0x00001343","0x00000005","0x00000000","0x00000000",
data/playground_someip_only.pcapng,"178","16.012081000","192.168.40.134","192.168.40.135","31000","46129","0x0000ff40","0x00000005","0x00001343","0x00000005","0x00000080","0x00000000",
data/playground_someip_only.pcapng,"179","16.017272000","192.168.40.135","192.168.40.134","46129","31000","0x0000ff40","0x00000006","0x00001343","0x00000006","0x00000000","0x00000000",
data/playground_someip_only.pcapng,"180","16.022756000","192.168.40.134","192.168.40.135","31000","46129","0x0000ff40","0x00000006","0x00001343","0x00000006","0x00000080","0x00000000",
data/playground_someip_only.pcapng,"181","16.028007000","192.168.40.135","192.168.40.134","46129","31000","0x0000ff40","0x00000007","0x00001343","0x00000007","0x00000000","0x00000000",
data/playground_someip_only.pcapng,"182","16.033602000","192.168.40.134","192.168.40.135","31000","46129","0x0000ff40","0x00000007","0x00001343","0x00000007","0x00000080","0x00000000",
data/playground_someip_only.pcapng,"183","16.038845000","192.168.40.135","192.168.40.134","46129","31000","0x0000ff40","0x00000008","0x00001343","0x00000008","0x00000000","0x00000000",
data/playground_someip_only.pcapng,"184","16.044313000","192.168.40.134","192.168.40.135","31000","46129","0x0000ff40","0x00000008","0x00001343","0x00000008","0x00000080","0x00000000",
data/playground_someip_only.pcapng,"185","16.049711000","192.168.40.135","192.168.40.134","46129","31000","0x0000ff40","0x00000009","0x00001343","0x00000009","0x00000000","0x00000000",
data/playground_someip_only.pcapng,"186","16.055246000","192.168.40.134","192.168.40.135","31000","46129","0x0000ff40","0x00000009","0x00001343","0x00000009","0x00000080","0x00000000",
data/playground_someip_only.pcapng,"187","16.060661000","192.168.40.135","192.168.40.134","46129","31000","0x0000ff40","0x0000000b","0x00001343","0x0000000a","0x00000000","0x00000000",
data/playground_someip_only.pcapng,"188","16.066218000","192.168.40.134","192.168.40.135","31000","46129","0x0000ff40","0x0000000b","0x00001343","0x0000000a","0x00000080","0x00000000",
data/playground_someip_only.pcapng,"189","16.107860000","192.168.40.134","192.168.40.135","31000","46129","0x0000ff40","0x0000800a","0x00000000","0x0000028b","0x00000002","0x00000000",
data/playground_someip_only.pcapng,"190","17.960699000","192.168.40.135","192.168.40.134","37633","31000","0x0000ff40","0x00000001","0x00001343","0x00000001","0x00000000","0x00000000",
data/playground_someip_only.pcapng,"191","17.966333000","192.168.40.134","192.168.40.135","31000","37633","0x0000ff40","0x00000001","0x00001343","0x00000001","0x00000080","0x00000000",
data/playground_someip_only.pcapng,"192","17.971817000","192.168.40.135","192.168.40.134","37633","31000","0x0000ff40","0x00000002","0x00001343","0x00000002","0x00000000","0x00000000",
data/playground_someip_only.pcapng,"193","17.977434000","192.168.40.134","192.168.40.135","31000","37633","0x0000ff40","0x00000002","0x00001343","0x00000002","0x00000080","0x00000000",
data/playground_someip_only.pcapng,"194","17.982721000","192.168.40.135","192.168.40.134","37633","31000","0x0000ff40","0x00000003","0x00001343","0x00000003","0x00000000","0x00000000",
data/playground_someip_only.pcapng,"195","17.988333000","192.168.40.134","192.168.40.135","31000","37633","0x0000ff40","0x00000003","0x00001343","0x00000003","0x00000080","0x00000000",
data/playground_someip_only.pcapng,"196","17.993703000","192.168.40.135","192.168.40.134","37633","31000","0x0000ff40","0x00000004","0x00001343","0x00000004","0x00000000","0x00000000",
data/playground_someip_only.pcapng,"197","17.999319000","192.168.40.134","192.168.40.135","31000","37633","0x0000ff40","0x00000004","0x00001343","0x00000004","0x00000080","0x00000000",
data/playground_someip_only.pcapng,"198","18.004661000","192.168.40.135","192.168.40.134","37633","31000","0x0000ff40","0x00000005","0x00001343","0x00000005","0x00000000","0x00000000",
data/playground_someip_only.pcapng,"199","18.010259000","192.168.40.134","192.168.40.135","31000","37633","0x0000ff40","0x00000005","0x00001343","0x00000005","0x00000080","0x00000000",
data/playground_someip_only.pcapng,"200","18.015558000","192.168.40.135","192.168.40.134","37633","31000","0x0000ff40","0x00000006","0x00001343","0x00000006","0x00000000","0x00000000",
data/playground_someip_only.pcapng,"201","18.021142000","192.168.40.134","192.168.40.135","31000","37633","0x0000ff40","0x00000006","0x00001343","0x00000006","0x00000080","0x00000000",
data/playground_someip_only.pcapng,"202","18.026418000","192.168.40.135","192.168.40.134","37633","31000","0x0000ff40","0x00000007","0x00001343","0x00000007","0x00000000","0x00000000",
data/playground_someip_only.pcapng,"203","18.032041000","192.168.40.134","192.168.40.135","31000","37633","0x0000ff40","0x00000007","0x00001343","0x00000007","0x00000080","0x00000000",
data/playground_someip_only.pcapng,"204","18.037388000","192.168.40.135","192.168.40.134","37633","31000","0x0000ff40","0x00000008","0x00001343","0x00000008","0x00000000","0x00000000",
data/playground_someip_only.pcapng,"205","18.042948000","192.168.40.134","192.168.40.135","31000","37633","0x0000ff40","0x00000008","0x00001343","0x00000008","0x00000080","0x00000000",
data/playground_someip_only.pcapng,"206","18.048295000","192.168.40.135","192.168.40.134","37633","31000","0x0000ff40","0x00000009","0x00001343","0x00000009","0x00000000","0x00000000",
data/playground_someip_only.pcapng,"207","18.053941000","192.168.40.134","192.168.40.135","31000","37633","0x0000ff40","0x00000009","0x00001343","0x00000009","0x00000080","0x00000000",
data/playground_someip_only.pcapng,"208","18.059399000","192.168.40.135","192.168.40.134","37633","31000","0x0000ff40","0x0000000b","0x00001343","0x0000000a","0x00000000","0x00000000",
data/playground_someip_only.pcapng,"209","18.065098000","192.168.40.134","192.168.40.135","31000","37633","0x0000ff40","0x0000000b","0x00001343","0x0000000a","0x00000080","0x00000000",
data/playground_someip_only.pcapng,"210","18.109084000","192.168.40.134","192.168.40.135","31000","37633","0x0000ff40","0x0000800a","0x00000000","0x0000028f","0x00000002","0x00000000",
data/playground_someip_only.pcap,"1","0.000000000","192.168.40.135","192.168.40.134","58422","31000","0x0000ff40","0x00000001","0x00001343","0x00000001","0x00000000","0x00000000",
data/playground_someip_only.pcap,"2","0.005958000","192.168.40.134","192.168.40.135","31000","58422","0x0000ff40","0x00000001","0x00001343","0x00000001","0x00000080","0x00000000",
data/playground_someip_only.pcap,"3","0.011948000","192.168.40.135","192.168.40.134","58422","31000","0x0000ff40","0x00000002","0x00001343","0x00000002","0x00000000","0x00000000",
data/playground_someip_only.pcap,"4","0.018081000","192.168.40.134","192.168.40.135","31000","58422","0x0000ff40","0x00000002","0x00001343","0x00000002","0x00000080","0x00000000",
data/playground_someip_only.pcap,"5","0.023780000","192.168.40.135","192.168.40.134","58422","31000","0x0000ff40","0x00000003","0x00001343","0x00000003","0x00000000","0x00000000",
data/playground_someip_only.pcap,"6","0.029995000","192.168.40.134","192.168.40.135","31000","58422","0x0000ff40","0x00000003","0x00001343","0x00000003","0x00000080","0x00000000",
data/playground_someip_only.pcap,"7","0.035608000","192.168.40.135","192.168.40.134","58422","31000","0x0000ff40","0x00000004","0x00001343","0x00000004","0x00000000","0x00000000",
data/playground_someip_only.pcap,"8","0.041841000","192.168.40.134","192.168.40.135","31000","58422","0x0000ff40","0x00000004","0x00001343","0x00000004","0x00000080","0x00000000",
data/playground_someip_only.pcap,"9","0.047539000","192.168.40.135","192.168.40.134","58422","31000","0x0000ff40","0x00000005","0x00001343","0x00000005","0x00000000","0x00000000",
data/playground_someip_only.pcap,"10","0.053618000","192.168.40.134","192.168.40.135","31000","58422","0x0000ff40","0x00000005","0x00001343","0x00000005","0x00000080","0x00000000",
data/playground_someip_only.pcap,"11","0.059050000","192.168.40.135","192.168.40.134","58422","31000","0x0000ff40","0x00000006","0x00001343","0x00000006","0x00000000","0x00000000",
data/playground_someip_only.pcap,"12","0.065334000","192.168.40.134","192.168.40.135","31000","58422","0x0000ff40","0x00000006","0x00001343","0x00000006","0x00000080","0x00000000",
data/playground_someip_only.pcap,"13","0.070773000","192.168.40.135","192.168.40.134","58422","31000","0x0000ff40","0x00000007","0x00001343","0x00000007","0x00000000","0x00000000",
data/playground_someip_only.pcap,"14","0.076480000","192.168.40.134","192.168.40.135","31000","58422","0x0000ff40","0x00000007","0x00001343","0x00000007","0x00000080","0x00000000",
data/playground_someip_only.pcap,"15","0.081828000","192.168.40.135","192.168.40.134","58422","31000","0x0000ff40","0x00000008","0x00001343","0x00000008","0x00000000","0x00000000",
data/playground_someip_only.pcap,"16","0.087547000","192.168.40.134","192.168.40.135","31000","58422","0x0000ff40","0x00000008","0x00001343","0x00000008","0x00000080","0x00000000",
data/playground_someip_only.pcap,"17","0.092919000","192.168.40.135","192.168.40.134","58422","31000","0x0000ff40","0x00000009","0x00001343","0x00000009","0x00000000","0x00000000",
data/playground_someip_only.pcap,"18","0.098545000","192.168.40.134","192.168.40.135","31000","58422","0x0000ff40","0x00000009","0x00001343","0x00000009","0x00000080","0x00000000",
data/playground_someip_only.pcap,"19","0.103937000","192.168.40.135","192.168.40.134","58422","31000","0x0000ff40","0x0000000b","0x00001343","0x0000000a","0x00000000","0x00000000",
data/playground_someip_only.pcap,"20","0.109557000","192.168.40.134","192.168.40.135","31000","58422","0x0000ff40","0x0000000b","0x00001343","0x0000000a","0x00000080","0x00000000",
data/playground_someip_only.pcap,"21","0.599426000","192.168.40.134","192.168.40.135","31000","58422","0x0000ff40","0x0000800a","0x00000000","0x0000026c","0x00000002","0x00000000",
data/playground_someip_only.pcap,"22","2.000322000","192.168.40.135","192.168.40.134","39512","31000","0x0000ff40","0x00000001","0x00001343","0x00000001","0x00000000","0x00000000",
data/playground_someip_only.pcap,"23","2.006002000","192.168.40.134","192.168.40.135","31000","39512","0x0000ff40","0x00000001","0x00001343","0x00000001","0x00000080","0x00000000",
data/playground_someip_only.pcap,"24","2.012305000","192.168.40.135","192.168.40.134","39512","31000","0x0000ff40","0x00000002","0x00001343","0x00000002","0x00000000","0x00000000",
data/playground_someip_only.pcap,"25","2.018075000","192.168.40.134","192.168.40.135","31000","39512","0x0000ff40","0x00000002","0x00001343","0x00000002","0x00000080","0x00000000",
data/playground_someip_only.pcap,"26","2.023470000","192.168.40.135","192.168.40.134","39512","31000","0x0000ff40","0x00000003","0x00001343","0x00000003","0x00000000","0x00000000",
data/playground_someip_only.pcap,"27","2.029234000","192.168.40.134","192.168.40.135","31000","39512","0x0000ff40","0x00000003","0x00001343","0x00000003","0x00000080","0x00000000",
data/playground_someip_only.pcap,"28","2.035069000","192.168.40.135","192.168.40.134","39512","31000","0x0000ff40","0x00000004","0x00001343","0x00000004","0x00000000","0x00000000",
data/playground_someip_only.pcap,"29","2.040827000","192.168.40.134","192.168.40.135","31000","39512","0x0000ff40","0x00000004","0x00001343","0x00000004","0x00000080","0x00000000",
data/playground_someip_only.pcap,"30","2.046254000","192.168.40.135","192.168.40.134","39512","31000","0x0000ff40","0x00000005","0x00001343","0x00000005","0x00000000","0x00000000",
data/playground_someip_only.pcap,"31","2.052063000","192.168.40.134","192.168.40.135","31000","39512","0x0000ff40","0x00000005","0x00001343","0x00000005","0x00000080","0x00000000",
data/playground_someip_only.pcap,"32","2.057344000","192.168.40.135","192.168.40.134","39512","31000","0x0000ff40","0x00000006","0x00001343","0x00000006","0x00000000","0x00000000",
data/playground_someip_only.pcap,"33","2.063403000","192.168.40.134","192.168.40.135","31000","39512","0x0000ff40","0x00000006","0x00001343","0x00000006","0x00000080","0x00000000",
data/playground_someip_only.pcap,"34","2.068830000","192.168.40.135","192.168.40.134","39512","31000","0x0000ff40","0x00000007","0x00001343","0x00000007","0x00000000","0x00000000",
data/playground_someip_only.pcap,"35","2.074599000","192.168.40.134","192.168.40.135","31000","39512","0x0000ff40","0x00000007","0x00001343","0x00000007","0x00000080","0x00000000",
data/playground_someip_only.pcap,"36","2.080066000","192.168.40.135","192.168.40.134","39512","31000","0x0000ff40","0x00000008","0x00001343","0x00000008","0x00000000","0x00000000",
data/playground_someip_only.pcap,"37","2.085841000","192.168.40.134","192.168.40.135","31000","39512","0x0000ff40","0x00000008","0x00001343","0x00000008","0x00000080","0x00000000",
data/playground_someip_only.pcap,"38","2.091320000","192.168.40.135","192.168.40.134","39512","31000","0x0000ff40","0x00000009","0x00001343","0x00000009","0x00000000","0x00000000",
data/playground_someip_only.pcap,"39","2.097039000","192.168.40.134","192.168.40.135","31000","39512","0x0000ff40","0x00000009","0x00001343","0x00000009","0x00000080","0x00000000",
data/playground_someip_only.pcap,"40","2.102545000","192.168.40.135","192.168.40.134","39512","31000","0x0000ff40","0x0000000b","0x00001343","0x0000000a","0x00000000","0x00000000",
data/playground_someip_only.pcap,"41","2.108190000","192.168.40.134","192.168.40.135","31000","39512","0x0000ff40","0x0000000b","0x00001343","0x0000000a","0x00000080","0x00000000",
data/playground_someip_only.pcap,"42","2.600853000","192.168.40.134","192.168.40.135","31000","39512","0x0000ff40","0x0000800a","0x00000000","0x00000270","0x00000002","0x00000000",
data/playground_someip_only.pcap,"43","4.000776000","192.168.40.135","192.168.40.134","39464","31000","0x0000ff40","0x00000001","0x00001343","0x00000001","0x00000000","0x00000000",
data/playground_someip_only.pcap,"44","4.006654000","192.168.40.134","192.168.40.135","31000","39464","0x0000ff40","0x00000001","0x00001343","0x00000001","0x00000080","0x00000000",
data/playground_someip_only.pcap,"45","4.013898000","192.168.40.135","192.168.40.134","39464","31000","0x0000ff40","0x00000002","0x00001343","0x00000002","0x00000000","0x00000000",
data/playground_someip_only.pcap,"46","4.019791000","192.168.40.134","192.168.40.135","31000","39464","0x0000ff40","0x00000002","0x00001343","0x00000002","0x00000080","0x00000000",
data/playground_someip_only.pcap,"47","4.025554000","192.168.40.135","192.168.40.134","39464","31000","0x0000ff40","0x00000003","0x00001343","0x00000003","0x00000000","0x00000000",
data/playground_someip_only.pcap,"48","4.031594000","192.168.40.134","192.168.40.135","31000","39464","0x0000ff40","0x00000003","0x00001343","0x00000003","0x00000080","0x00000000",
data/playground_someip_only.pcap,"49","4.037153000","192.168.40.135","192.168.40.134","39464","31000","0x0000ff40","0x00000004","0x00001343","0x00000004","0x00000000","0x00000000",
data/playground_someip_only.pcap,"50","4.043170000","192.168.40.134","192.168.40.135","31000","39464","0x0000ff40","0x00000004","0x00001343","0x00000004","0x00000080","0x00000000",
data/playground_someip_only.pcap,"51","4.050345000","192.168.40.135","192.168.40.134","39464","31000","0x0000ff40","0x00000005","0x00001343","0x00000005","0x00000000","0x00000000",
data/playground_someip_only.pcap,"52","4.055854000","192.168.40.134","192.168.40.135","31000","39464","0x0000ff40","0x00000005","0x00001343","0x00000005","0x00000080","0x00000000",
data/playground_someip_only.pcap,"53","4.061161000","192.168.40.135","192.168.40.134","39464","31000","0x0000ff40","0x00000006","0x00001343","0x00000006","0x00000000","0x00000000",
data/playground_someip_only.pcap,"54","4.066699000","192.168.40.134","192.168.40.135","31000","39464","0x0000ff40","0x00000006","0x00001343","0x00000006","0x00000080","0x00000000",
data/playground_someip_only.pcap,"55","4.071965000","192.168.40.135","192.168.40.134","39464","31000","0x0000ff40","0x00000007","0x00001343","0x00000007","0x00000000","0x00000000",
data/playground_someip_only.pcap,"56","4.077487000","192.168.40.134","192.168.40.135","31000","39464","0x0000ff40","0x00000007","0x00001343","0x00000007","0x00000080","0x00000000",
data/playground_someip_only.pcap,"57","4.082814000","192.168.40.135","192.168.40.134","39464","31000","0x0000ff40","0x00000008","0x00001343","0x00000008","0x00000000","0x00000000",
data/playground_someip_only.pcap,"58","4.088376000","192.168.40.134","192.168.40.135","31000","39464","0x0000ff40","0x00000008","0x00001343","0x00000008","0x00000080","0x00000000",
data/playground_someip_only.pcap,"59","4.093934000","192.168.40.135","192.168.40.134","39464","31000","0x0000ff40","0x00000009","0x00001343","0x00000009","0x00000000","0x00000000",
data/playground_someip_only.pcap,"60","4.099463000","192.168.40.134","192.168.40.135","31000","39464","0x0000ff40","0x00000009","0x00001343","0x00000009","0x00000080","0x00000000",
data/playground_someip_only.pcap,"61","4.105151000","192.168.40.135","192.168.40.134","39464","31000","0x0000ff40","0x0000000b","0x00001343","0x0000000a","0x00000000","0x00000000",
data/playground_someip_only.pcap,"62","4.110657000","192.168.40.134","192.168.40.135","31000","39464","0x0000ff40","0x0000000b","0x00001343","0x0000000a","0x00000080","0x00000000",
data/playground_someip_only.pcap,"63","4.648387000","192.168.40.134","192.168.40.135","31000","39464","0x0000ff40","0x0000800a","0x00000000","0x00000274","0x00000002","0x00000000",
data/playground_someip_only.pcap,"64","5.886117000","192.168.40.135","192.168.40.134","57024","31000","0x0000ff40","0x00000001","0x00001343","0x00000001","0x00000000","0x00000000",
data/playground_someip_only.pcap,"65","5.892130000","192.168.40.134","192.168.40.135","31000","57024","0x0000ff40","0x00000001","0x00001343","0x00000001","0x00000080","0x00000000",
data/playground_someip_only.pcap,"66","5.897678000","192.168.40.135","192.168.40.134","57024","31000","0x0000ff40","0x00000002","0x00001343","0x00000002","0x00000000","0x00000000",
data/playground_someip_only.pcap,"67","5.903439000","192.168.40.134","192.168.40.135","31000","57024","0x0000ff40","0x00000002","0x00001343","0x00000002","0x00000080","0x00000000",
data/playground_someip_only.pcap,"68","5.908835000","192.168.40.135","192.168.40.134","57024","31000","0x0000ff40","0x00000003","0x00001343","0x00000003","0x00000000","0x00000000",
data/playground_someip_only.pcap,"69","5.914705000","192.168.40.134","192.168.40.135","31000","57024","0x0000ff40","0x00000003","0x00001343","0x00000003","0x00000080","0x00000000",
data/playground_someip_only.pcap,"70","5.920037000","192.168.40.135","192.168.40.134","57024","31000","0x0000ff40","0x00000004","0x00001343","0x00000004","0x00000000","0x00000000",
data/playground_someip_only.pcap,"71","5.925973000","192.168.40.134","192.168.40.135","31000","57024","0x0000ff40","0x00000004","0x00001343","0x00000004","0x00000080","0x00000000",
data/playground_someip_only.pcap,"72","5.931459000","192.168.40.135","192.168.40.134","57024","31000","0x0000ff40","0x00000005","0x00001343","0x00000005","0x00000000","0x00000000",
data/playground_someip_only.pcap,"73","5.937269000","192.168.40.134","192.168.40.135","31000","57024","0x0000ff40","0x00000005","0x00001343","0x00000005","0x00000080","0x00000000",
data/playground_someip_only.pcap,"74","5.942999000","192.168.40.135","192.168.40.134","57024","31000","0x0000ff40","0x00000006","0x00001343","0x00000006","0x00000000","0x00000000",
data/playground_someip_only.pcap,"75","5.948862000","192.168.40.134","192.168.40.135","31000","57024","0x0000ff40","0x00000006","0x00001343","0x00000006","0x00000080","0x00000000",
data/playground_someip_only.pcap,"76","5.954288000","192.168.40.135","192.168.40.134","57024","31000","0x0000ff40","0x00000007","0x00001343","0x00000007","0x00000000","0x00000000",
data/playground_someip_only.pcap,"77","5.960074000","192.168.40.134","192.168.40.135","31000","57024","0x0000ff40","0x00000007","0x00001343","0x00000007","0x00000080","0x00000000",
data/playground_someip_only.pcap,"78","5.965792000","192.168.40.135","192.168.40.134","57024","31000","0x0000ff40","0x00000008","0x00001343","0x00000008","0x00000000","0x00000000",
data/playground_someip_only.pcap,"79","5.971633000","192.168.40.134","192.168.40.135","31000","57024","0x0000ff40","0x00000008","0x00001343","0x00000008","0x00000080","0x00000000",
data/playground_someip_only.pcap,"80","5.977794000","192.168.40.135","192.168.40.134","57024","31000","0x0000ff40","0x00000009","0x00001343","0x00000009","0x00000000","0x00000000",
data/playground_someip_only.pcap,"81","5.983642000","192.168.40.134","192.168.40.135","31000","57024","0x0000ff40","0x00000009","0x00001343","0x00000009","0x00000080","0x00000000",
data/playground_someip_only.pcap,"82","5.989764000","192.168.40.135","192.168.40.134","57024","31000","0x0000ff40","0x0000000b","0x00001343","0x0000000a","0x00000000","0x00000000",
data/playground_someip_only.pcap,"83","5.995475000","192.168.40.134","192.168.40.135","31000","57024","0x0000ff40","0x0000000b","0x00001343","0x0000000a","0x00000080","0x00000000",
data/playground_someip_only.pcap,"84","6.101540000","192.168.40.134","192.168.40.135","31000","57024","0x0000ff40","0x0000800a","0x00000000","0x00000277","0x00000002","0x00000000",
data/playground_someip_only.pcap,"85","8.001011000","192.168.40.135","192.168.40.134","59483","31000","0x0000ff40","0x00000001","0x00001343","0x00000001","0x00000000","0x00000000",
data/playground_someip_only.pcap,"86","8.006980000","192.168.40.134","192.168.40.135","31000","59483","0x0000ff40","0x00000001","0x00001343","0x00000001","0x00000080","0x00000000",
data/playground_someip_only.pcap,"87","8.012818000","192.168.40.135","192.168.40.134","59483","31000","0x0000ff40","0x00000002","0x00001343","0x00000002","0x00000000","0x00000000",
data/playground_someip_only.pcap,"88","8.018730000","192.168.40.134","192.168.40.135","31000","59483","0x0000ff40","0x00000002","0x00001343","0x00000002","0x00000080","0x00000000",
data/playground_someip_only.pcap,"89","8.024211000","192.168.40.135","192.168.40.134","59483","31000","0x0000ff40","0x00000003","0x00001343","0x00000003","0x00000000","0x00000000",
data/playground_someip_only.pcap,"90","8.030017000","192.168.40.134","192.168.40.135","31000","59483","0x0000ff40","0x00000003","0x00001343","0x00000003","0x00000080","0x00000000",
data/playground_someip_only.pcap,"91","8.035302000","192.168.40.135","192.168.40.134","59483","31000","0x0000ff40","0x00000004","0x00001343","0x00000004","0x00000000","0x00000000",
data/playground_someip_only.pcap,"92","8.040830000","192.168.40.134","192.168.40.135","31000","59483","0x0000ff40","0x00000004","0x00001343","0x00000004","0x00000080","0x00000000",
data/playground_someip_only.pcap,"93","8.046115000","192.168.40.135","192.168.40.134","59483","31000","0x0000ff40","0x00000005","0x00001343","0x00000005","0x00000000","0x00000000",
data/playground_someip_only.pcap,"94","8.051620000","192.168.40.134","192.168.40.135","31000","59483","0x0000ff40","0x00000005","0x00001343","0x00000005","0x00000080","0x00000000",
data/playground_someip_only.pcap,"95","8.056879000","192.168.40.135","192.168.40.134","59483","31000","0x0000ff40","0x00000006","0x00001343","0x00000006","0x00000000","0x00000000",
data/playground_someip_only.pcap,"96","8.062468000","192.168.40.134","192.168.40.135","31000","59483","0x0000ff40","0x00000006","0x00001343","0x00000006","0x00000080","0x00000000",
data/playground_someip_only.pcap,"97","8.067740000","192.168.40.135","192.168.40.134","59483","31000","0x0000ff40","0x00000007","0x00001343","0x00000007","0x00000000","0x00000000",
data/playground_someip_only.pcap,"98","8.073209000","192.168.40.134","192.168.40.135","31000","59483","0x0000ff40","0x00000007","0x00001343","0x00000007","0x00000080","0x00000000",
data/playground_someip_only.pcap,"99","8.078450000","192.168.40.135","192.168.40.134","59483","31000","0x0000ff40","0x00000008","0x00001343","0x00000008","0x00000000","0x00000000",
data/playground_someip_only.pcap,"100","8.083912000","192.168.40.134","192.168.40.135","31000","59483","0x0000ff40","0x00000008","0x00001343","0x00000008","0x00000080","0x00000000",
data/playground_someip_only.pcap,"101","8.089237000","192.168.40.135","192.168.40.134","59483","31000","0x0000ff40","0x00000009","0x00001343","0x00000009","0x00000000","0x00000000",
data/playground_someip_only.pcap,"102","8.094723000","192.168.40.134","192.168.40.135","31000","59483","0x0000ff40","0x00000009","0x00001343","0x00000009","0x00000080","0x00000000",
data/playground_someip_only.pcap,"103","8.100044000","192.168.40.135","192.168.40.134","59483","31000","0x0000ff40","0x0000000b","0x00001343","0x0000000a","0x00000000","0x00000000",
data/playground_someip_only.pcap,"104","8.105486000","192.168.40.134","192.168.40.135","31000","59483","0x0000ff40","0x0000000b","0x00001343","0x0000000a","0x00000080","0x00000000",
data/playground_someip_only.pcap,"105","8.663979000","192.168.40.134","192.168.40.135","31000","59483","0x0000ff40","0x0000800a","0x00000000","0x0000027c","0x00000002","0x00000000",
data/playground_someip_only.pcap,"106","10.000988000","192.168.40.135","192.168.40.134","52600","31000","0x0000ff40","0x00000001","0x00001343","0x00000001","0x00000000","0x00000000",
data/playground_someip_only.pcap,"107","10.006509000","192.168.40.134","192.168.40.135","31000","52600","0x0000ff40","0x00000001","0x00001343","0x00000001","0x00000080","0x00000000",
data/playground_someip_only.pcap,"108","10.011930000","192.168.40.135","192.168.40.134","52600","31000","0x0000ff40","0x00000002","0x00001343","0x00000002","0x00000000","0x00000000",
data/playground_someip_only.pcap,"109","10.017507000","192.168.40.134","192.168.40.135","31000","52600","0x0000ff40","0x00000002","0x00001343","0x00000002","0x00000080","0x00000000",
data/playground_someip_only.pcap,"110","10.022845000","192.168.40.135","192.168.40.134","52600","31000","0x0000ff40","0x00000003","0x00001343","0x00000003","0x00000000","0x00000000",
data/playground_someip_only.pcap,"111","10.028429000","192.168.40.134","192.168.40.135","31000","52600","0x0000ff40","0x00000003","0x00001343","0x00000003","0x00000080","0x00000000",
data/playground_someip_only.pcap,"112","10.033739000","192.168.40.135","192.168.40.134","52600","31000","0x0000ff40","0x00000004","0x00001343","0x00000004","0x00000000","0x00000000",
data/playground_someip_only.pcap,"113","10.039338000","192.168.40.134","192.168.40.135","31000","52600","0x0000ff40","0x00000004","0x00001343","0x00000004","0x00000080","0x00000000",
data/playground_someip_only.pcap,"114","10.044709000","192.168.40.135","192.168.40.134","52600","31000","0x0000ff40","0x00000005","0x00001343","0x00000005","0x00000000","0x00000000",
data/playground_someip_only.pcap,"115","10.050339000","192.168.40.134","192.168.40.135","31000","52600","0x0000ff40","0x00000005","0x00001343","0x00000005","0x00000080","0x00000000",
data/playground_someip_only.pcap,"116","10.055625000","192.168.40.135","192.168.40.134","52600","31000","0x0000ff40","0x00000006","0x00001343","0x00000006","0x00000000","0x00000000",
data/playground_someip_only.pcap,"117","10.061304000","192.168.40.134","192.168.40.135","31000","52600","0x0000ff40","0x00000006","0x00001343","0x00000006","0x00000080","0x00000000",
data/playground_someip_only.pcap,"118","10.066709000","192.168.40.135","192.168.40.134","52600","31000","0x0000ff40","0x00000007","0x00001343","0x00000007","0x00000000","0x00000000",
data/playground_someip_only.pcap,"119","10.072330000","192.168.40.134","192.168.40.135","31000","52600","0x0000ff40","0x00000007","0x00001343","0x00000007","0x00000080","0x00000000",
data/playground_someip_only.pcap,"120","10.077694000","192.168.40.135","192.168.40.134","52600","31000","0x0000ff40","0x00000008","0x00001343","0x00000008","0x00000000","0x00000000",
data/playground_someip_only.pcap,"121","10.083359000","192.168.40.134","192.168.40.135","31000","52600","0x0000ff40","0x00000008","0x00001343","0x00000008","0x00000080","0x00000000",
data/playground_someip_only.pcap,"122","10.089207000","192.168.40.135","192.168.40.134","52600","31000","0x0000ff40","0x00000009","0x00001343","0x00000009","0x00000000","0x00000000",
data/playground_someip_only.pcap,"123","10.094913000","192.168.40.134","192.168.40.135","31000","52600","0x0000ff40","0x00000009","0x00001343","0x00000009","0x00000080","0x00000000",
data/playground_someip_only.pcap,"124","10.100823000","192.168.40.135","192.168.40.134","52600","31000","0x0000ff40","0x0000000b","0x00001343","0x0000000a","0x00000000","0x00000000",
data/playground_someip_only.pcap,"125","10.106494000","192.168.40.134","192.168.40.135","31000","52600","0x0000ff40","0x0000000b","0x00001343","0x0000000a","0x00000080","0x00000000",
data/playground_someip_only.pcap,"126","10.604244000","192.168.40.134","192.168.40.135","31000","52600","0x0000ff40","0x0000800a","0x00000000","0x00000280","0x00000002","0x00000000",
data/playground_someip_only.pcap,"127","12.001704000","192.168.40.135","192.168.40.134","45827","31000","0x0000ff40","0x00000001","0x00001343","0x00000001","0x00000000","0x00000000",
data/playground_someip_only.pcap,"128","12.007474000","192.168.40.134","192.168.40.135","31000","45827","0x0000ff40","0x00000001","0x00001343","0x00000001","0x00000080","0x00000000",
data/playground_someip_only.pcap,"129","12.012825000","192.168.40.135","192.168.40.134","45827","31000","0x0000ff40","0x00000002","0x00001343","0x00000002","0x00000000","0x00000000",
data/playground_someip_only.pcap,"130","12.018660000","192.168.40.134","192.168.40.135","31000","45827","0x0000ff40","0x00000002","0x00001343","0x00000002","0x00000080","0x00000000",
data/playground_someip_only.pcap,"131","12.023997000","192.168.40.135","192.168.40.134","45827","31000","0x0000ff40","0x00000003","0x00001343","0x00000003","0x00000000","0x00000000",
data/playground_someip_only.pcap,"132","12.029922000","192.168.40.134","192.168.40.135","31000","45827","0x0000ff40","0x00000003","0x00001343","0x00000003","0x00000080","0x00000000",
data/playground_someip_only.pcap,"133","12.035272000","192.168.40.135","192.168.40.134","45827","31000","0x0000ff40","0x00000004","0x00001343","0x00000004","0x00000000","0x00000000",
data/playground_someip_only.pcap,"134","12.041137000","192.168.40.134","192.168.40.135","31000","45827","0x0000ff40","0x00000004","0x00001343","0x00000004","0x00000080","0x00000000",
data/playground_someip_only.pcap,"135","12.046613000","192.168.40.135","192.168.40.134","45827","31000","0x0000ff40","0x00000005","0x00001343","0x00000005","0x00000000","0x00000000",
data/playground_someip_only.pcap,"136","12.052385000","192.168.40.134","192.168.40.135","31000","45827","0x0000ff40","0x00000005","0x00001343","0x00000005","0x00000080","0x00000000",
data/playground_someip_only.pcap,"137","12.057799000","192.168.40.135","192.168.40.134","45827","31000","0x0000ff40","0x00000006","0x00001343","0x00000006","0x00000000","0x00000000",
data/playground_someip_only.pcap,"138","12.063628000","192.168.40.134","192.168.40.135","31000","45827","0x0000ff40","0x00000006","0x00001343","0x00000006","0x00000080","0x00000000",
data/playground_someip_only.pcap,"139","12.069230000","192.168.40.135","192.168.40.134","45827","31000","0x0000ff40","0x00000007","0x00001343","0x00000007","0x00000000","0x00000000",
data/playground_someip_only.pcap,"140","12.075057000","192.168.40.134","192.168.40.135","31000","45827","0x0000ff40","0x00000007","0x00001343","0x00000007","0x00000080","0x00000000",
data/playground_someip_only.pcap,"141","12.080408000","192.168.40.135","192.168.40.134","45827","31000","0x0000ff40","0x00000008","0x00001343","0x00000008","0x00000000","0x00000000",
data/playground_someip_only.pcap,"142","12.086149000","192.168.40.134","192.168.40.135","31000","45827","0x0000ff40","0x00000008","0x00001343","0x00000008","0x00000080","0x00000000",
data/playground_someip_only.pcap,"143","12.091512000","192.168.40.135","192.168.40.134","45827","31000","0x0000ff40","0x00000009","0x00001343","0x00000009","0x00000000","0x00000000",
data/playground_someip_only.pcap,"144","12.097442000","192.168.40.134","192.168.40.135","31000","45827","0x0000ff40","0x00000009","0x00001343","0x00000009","0x00000080","0x00000000",
data/playground_someip_only.pcap,"145","12.102836000","192.168.40.135","192.168.40.134","45827","31000","0x0000ff40","0x0000000b","0x00001343","0x0000000a","0x00000000","0x00000000",
data/playground_someip_only.pcap,"146","12.108450000","192.168.40.134","192.168.40.135","31000","45827","0x0000ff40","0x0000000b","0x00001343","0x0000000a","0x00000080","0x00000000",
data/playground_someip_only.pcap,"147","12.605209000","192.168.40.134","192.168.40.135","31000","45827","0x0000ff40","0x0000800a","0x00000000","0x00000284","0x00000002","0x00000000",
data/playground_someip_only.pcap,"148","14.002566000","192.168.40.135","192.168.40.134","46897","31000","0x0000ff40","0x00000001","0x00001343","0x00000001","0x00000000","0x00000000",
data/playground_someip_only.pcap,"149","14.008394000","192.168.40.134","192.168.40.135","31000","46897","0x0000ff40","0x00000001","0x00001343","0x00000001","0x00000080","0x00000000",
data/playground_someip_only.pcap,"150","14.014357000","192.168.40.135","192.168.40.134","46897","31000","0x0000ff40","0x00000002","0x00001343","0x00000002","0x00000000","0x00000000",
data/playground_someip_only.pcap,"151","14.020192000","192.168.40.134","192.168.40.135","31000","46897","0x0000ff40","0x00000002","0x00001343","0x00000002","0x00000080","0x00000000",
data/playground_someip_only.pcap,"152","14.025623000","192.168.40.135","192.168.40.134","46897","31000","0x0000ff40","0x00000003","0x00001343","0x00000003","0x00000000","0x00000000",
data/playground_someip_only.pcap,"153","14.031696000","192.168.40.134","192.168.40.135","31000","46897","0x0000ff40","0x00000003","0x00001343","0x00000003","0x00000080","0x00000000",
data/playground_someip_only.pcap,"154","14.037019000","192.168.40.135","192.168.40.134","46897","31000","0x0000ff40","0x00000004","0x00001343","0x00000004","0x00000000","0x00000000",
data/playground_someip_only.pcap,"155","14.042941000","192.168.40.134","192.168.40.135","31000","46897","0x0000ff40","0x00000004","0x00001343","0x00000004","0x00000080","0x00000000",
data/playground_someip_only.pcap,"156","14.048690000","192.168.40.135","192.168.40.134","46897","31000","0x0000ff40","0x00000005","0x00001343","0x00000005","0x00000000","0x00000000",
data/playground_someip_only.pcap,"157","14.054543000","192.168.40.134","192.168.40.135","31000","46897","0x0000ff40","0x00000005","0x00001343","0x00000005","0x00000080","0x00000000",
data/playground_someip_only.pcap,"158","14.060461000","192.168.40.135","192.168.40.134","46897","31000","0x0000ff40","0x00000006","0x00001343","0x00000006","0x00000000","0x00000000",
data/playground_someip_only.pcap,"159","14.066368000","192.168.40.134","192.168.40.135","31000","46897","0x0000ff40","0x00000006","0x00001343","0x00000006","0x00000080","0x00000000",
data/playground_someip_only.pcap,"160","14.071954000","192.168.40.135","192.168.40.134","46897","31000","0x0000ff40","0x00000007","0x00001343","0x00000007","0x00000000","0x00000000",
data/playground_someip_only.pcap,"161","14.077821000","192.168.40.134","192.168.40.135","31000","46897","0x0000ff40","0x00000007","0x00001343","0x00000007","0x00000080","0x00000000",
data/playground_someip_only.pcap,"162","14.083217000","192.168.40.135","192.168.40.134","46897","31000","0x0000ff40","0x00000008","0x00001343","0x00000008","0x00000000","0x00000000",
data/playground_someip_only.pcap,"163","14.088929000","192.168.40.134","192.168.40.135","31000","46897","0x0000ff40","0x00000008","0x00001343","0x00000008","0x00000080","0x00000000",
data/playground_someip_only.pcap,"164","14.094378000","192.168.40.135","192.168.40.134","46897","31000","0x0000ff40","0x00000009","0x00001343","0x00000009","0x00000000","0x00000000",
data/playground_someip_only.pcap,"165","14.100155000","192.168.40.134","192.168.40.135","31000","46897","0x0000ff40","0x00000009","0x00001343","0x00000009","0x00000080","0x00000000",
data/playground_someip_only.pcap,"166","14.105624000","192.168.40.135","192.168.40.134","46897","31000","0x0000ff40","0x0000000b","0x00001343","0x0000000a","0x00000000","0x00000000",
data/playground_someip_only.pcap,"167","14.111302000","192.168.40.134","192.168.40.135","31000","46897","0x0000ff40","0x0000000b","0x00001343","0x0000000a","0x00000080","0x00000000",
data/playground_someip_only.pcap,"168","14.607127000","192.168.40.134","192.168.40.135","31000","46897","0x0000ff40","0x0000800a","0x00000000","0x00000288","0x00000002","0x00000000",
data/playground_someip_only.pcap,"169","15.962165000","192.168.40.135","192.168.40.134","46129","31000","0x0000ff40","0x00000001","0x00001343","0x00000001","0x00000000","0x00000000",
data/playground_someip_only.pcap,"170","15.967951000","192.168.40.134","192.168.40.135","31000","46129","0x0000ff40","0x00000001","0x00001343","0x00000001","0x00000080","0x00000000",
data/playground_someip_only.pcap,"171","15.973309000","192.168.40.135","192.168.40.134","46129","31000","0x0000ff40","0x00000002","0x00001343","0x00000002","0x00000000","0x00000000",
data/playground_someip_only.pcap,"172","15.979186000","192.168.40.134","192.168.40.135","31000","46129","0x0000ff40","0x00000002","0x00001343","0x00000002","0x00000080","0x00000000",
data/playground_someip_only.pcap,"173","15.984654000","192.168.40.135","192.168.40.134","46129","31000","0x0000ff40","0x00000003","0x00001343","0x00000003","0x00000000","0x00000000",
data/playground_someip_only.pcap,"174","15.990507000","192.168.40.134","192.168.40.135","31000","46129","0x0000ff40","0x00000003","0x00001343","0x00000003","0x00000080","0x00000000",
data/playground_someip_only.pcap,"175","15.995832000","192.168.40.135","192.168.40.134","46129","31000","0x0000ff40","0x00000004","0x00001343","0x00000004","0x00000000","0x00000000",
data/playground_someip_only.pcap,"176","16.001387000","192.168.40.134","192.168.40.135","31000","46129","0x0000ff40","0x00000004","0x00001343","0x00000004","0x00000080","0x00000000",
data/playground_someip_only.pcap,"177","16.006569000","192.168.40.135","192.168.40.134","46129","31000","0x0000ff40","0x00000005","0x00001343","0x00000005","0x00000000","0x00000000",
data/playground_someip_only.pcap,"178","16.012081000","192.168.40.134","192.168.40.135","31000","46129","0x0000ff40","0x00000005","0x00001343","0x00000005","0x00000080","0x00000000",
data/playground_someip_only.pcap,"179","16.017272000","192.168.40.135","192.168.40.134","46129","31000","0x0000ff40","0x00000006","0x00001343","0x00000006","0x00000000","0x00000000",
data/playground_someip_only.pcap,"180","16.022756000","192.168.40.134","192.168.40.135","31000","46129","0x0000ff40","0x00000006","0x00001343","0x00000006","0x00000080","0x00000000",
data/playground_someip_only.pcap,"181","16.028007000","192.168.40.135","192.168.40.134","46129","31000","0x0000ff40","0x00000007","0x00001343","0x00000007","0x00000000","0x00000000",
data/playground_someip_only.pcap,"182","16.033602000","192.168.40.134","192.168.40.135","31000","46129","0x0000ff40","0x00000007","0x00001343","0x00000007","0x00000080","0x00000000",
data/playground_someip_only.pcap,"183","16.038845000","192.168.40.135","192.168.40.134","46129","31000","0x0000ff40","0x00000008","0x00001343","0x00000008","0x00000000","0x00000000",
data/playground_someip_only.pcap,"184","16.044313000","192.168.40.134","192.168.40.135","31000","46129","0x0000ff40","0x00000008","0x00001343","0x00000008","0x00000080","0x00000000",
data/playground_someip_only.pcap,"185","16.049711000","192.168.40.135","192.168.40.134","46129","31000","0x0000ff40","0x00000009","0x00001343","0x00000009","0x00000000","0x00000000",
data/playground_someip_only.pcap,"186","16.055246000","192.168.40.134","192.168.40.135","31000","46129","0x0000ff40","0x00000009","0x00001343","0x00000009","0x00000080","0x00000000",
data/playground_someip_only.pcap,"187","16.060661000","192.168.40.135","192.168.40.134","46129","31000","0x0000ff40","0x0000000b","0x00001343","0x0000000a","0x00000000","0x00000000",
data/playground_someip_only.pcap,"188","16.066218000","192.168.40.134","192.168.40.135","31000","46129","0x0000ff40","0x0000000b","0x00001343","0x0000000a","0x00000080","0x00000000",
data/playground_someip_only.pcap,"189","16.107860000","192.168.40.134","192.168.40.135","31000","46129","0x0000ff40","0x0000800a","0x00000000","0x0000028b","0x00000002","0x00000000",
data/playground_someip_only.pcap,"190","17.960699000","192.168.40.135","192.168.40.134","37633","31000","0x0000ff40","0x00000001","0x00001343","0x00000001","0x00000000","0x00000000",
data/playground_someip_only.pcap,"191","17.966333000","192.168.40.134","192.168.40.135","31000","37633","0x0000ff40","0x00000001","0x00001343","0x00000001","0x00000080","0x00000000",
data/playground_someip_only.pcap,"192","17.971817000","192.168.40.135","192.168.40.134","37633","31000","0x0000ff40","0x00000002","0x00001343","0x00000002","0x00000000","0x00000000",
data/playground_someip_only.pcap,"193","17.977434000","192.168.40.134","192.168.40.135","31000","37633","0x0000ff40","0x00000002","0x00001343","0x00000002","0x00000080","0x00000000",
data/playground_someip_only.pcap,"194","17.982721000","192.168.40.135","192.168.40.134","37633","31000","0x0000ff40","0x00000003","0x00001343","0x00000003","0x00000000","0x00000000",
data/playground_someip_only.pcap,"195","17.988333000","192.168.40.134","192.168.40.135","31000","37633","0x0000ff40","0x00000003","0x00001343","0x00000003","0x00000080","0x00000000",
data/playground_someip_only.pcap,"196","17.993703000","192.168.40.135","192.168.40.134","37633","31000","0x0000ff40","0x00000004","0x00001343","0x00000004","0x00000000","0x00000000",
data/playground_someip_only.pcap,"197","17.999319000","192.168.40.134","192.168.40.135","31000","37633","0x0000ff40","0x00000004","0x00001343","0x00000004","0x00000080","0x00000000",
data/playground_someip_only.pcap,"198","18.004661000","192.168.40.135","192.168.40.134","37633","31000","0x0000ff40","0x00000005","0x00001343","0x00000005","0x00000000","0x00000000",
data/playground_someip_only.pcap,"199","18.010259000","192.168.40.134","192.168.40.135","31000","37633","0x0000ff40","0x00000005","0x00001343","0x00000005","0x00000080","0x00000000",
data/playground_someip_only.pcap,"200","18.015558000","192.168.40.135","192.168.40.134","37633","31000","0x0000ff40","0x00000006","0x00001343","0x00000006","0x00000000","0x00000000",
data/playground_someip_only.pcap,"201","18.021142000","192.168.40.134","192.168.40.135","31000","37633","0x0000ff40","0x00000006","0x00001343","0x00000006","0x00000080","0x00000000",
data/playground_someip_only.pcap,"202","18.026418000","192.168.40.135","192.168.40.134","37633","31000","0x0000ff40","0x00000007","0x00001343","0x00000007","0x00000000","0x00000000",
data/playground_someip_only.pcap,"203","18.032041000","192.168.40.134","192.168.40.135","31000","37633","0x0000ff40","0x00000007","0x00001343","0x00000007","0x00000080","0x00000000",
data/playground_someip_only.pcap,"204","18.037388000","192.168.40.135","192.168.40.134","37633","31000","0x0000ff40","0x00000008","0x00001343","0x00000008","0x00000000","0x00000000",
data/playground_someip_only.pcap,"205","18.042948000","192.168.40.134","192.168.40.135","31000","37633","0x0000ff40","0x00000008","0x00001343","0x00000008","0x00000080","0x00000000",
data/playground_someip_only.pcap,"206","18.048295000","192.168.40.135","192.168.40.134","37633","31000","0x0000ff40","0x00000009","0x00001343","0x00000009","0x00000000","0x00000000",
data/playground_someip_only.pcap,"207","18.053941000","192.168.40.134","192.168.40.135","31000","37633","0x0000ff40","0x00000009","0x00001343","0x00000009","0x00000080","0x00000000",
data/playground_someip_only.pcap,"208","18.059399000","192.168.40.135","192.168.40.134","37633","31000","0x0000ff40","0x0000000b","0x00001343","0x0000000a","0x00000000","0x00000000",
data/playground_someip_only.pcap,"209","18.065098000","192.168.40.134","192.168.40.135","31000","37633","0x0000ff40","0x0000000b","0x00001343","0x0000000a","0x00000080","0x00000000",
data/playground_someip_only.pcap,"210","18.109084000","192.168.40.134","192.168.40.135","31000","37633","0x0000ff40","0x0000800a","0x00000000","0x0000028f","0x00000002","0x00000000",
